...1,subject_id,Group,timepoint,frequency_band,measure,value
0,RS_006_deltas,1,24H,Alpha,DTC,0.016356844
0,RS_006_deltas,1,24H,Alpha,O,0.103856747
0,RS_006_deltas,1,24H,Alpha,S,0.344420638
0,RS_006_deltas,1,24H,Alpha,TC,0.14789696
0,RS_006_deltas,1,24H,Beta,DTC,-0.739162547
0,RS_006_deltas,1,24H,Beta,O,-0.31241215
0,RS_006_deltas,1,24H,Beta,S,0.194550221
0,RS_006_deltas,1,24H,Beta,TC,0.078223126
0,RS_006_deltas,1,24H,Delta,DTC,-0.297163247
0,RS_006_deltas,1,24H,Delta,O,0.035041532
0,RS_006_deltas,1,24H,Delta,S,-0.79958283
0,RS_006_deltas,1,24H,Delta,TC,-0.305048983
0,RS_006_deltas,1,24H,Gamma,DTC,-1.650962665
0,RS_006_deltas,1,24H,Gamma,O,-0.202160747
0,RS_006_deltas,1,24H,Gamma,S,-2.798851422
0,RS_006_deltas,1,24H,Gamma,TC,-0.174641339
0,RS_006_deltas,1,24H,Theta,DTC,-0.694775919
0,RS_006_deltas,1,24H,Theta,O,0.247010895
0,RS_006_deltas,1,24H,Theta,S,-0.517860129
0,RS_006_deltas,1,24H,Theta,TC,-0.283045557
0,RS_006_deltas,1,24H,Wholeband,DTC,-0.730361169
0,RS_006_deltas,1,24H,Wholeband,O,0.057027127
0,RS_006_deltas,1,24H,Wholeband,S,0.066291563
0,RS_006_deltas,1,24H,Wholeband,TC,-0.005005967
1,RS_009_deltas,1,24H,Alpha,DTC,0.820662041
1,RS_009_deltas,1,24H,Alpha,O,0.298728927
1,RS_009_deltas,1,24H,Alpha,S,1.122156936
1,RS_009_deltas,1,24H,Alpha,TC,0.69256118
1,RS_009_deltas,1,24H,Beta,DTC,1.349717388
1,RS_009_deltas,1,24H,Beta,O,0.487946566
1,RS_009_deltas,1,24H,Beta,S,0.178601087
1,RS_009_deltas,1,24H,Beta,TC,0.140512651
1,RS_009_deltas,1,24H,Delta,DTC,0.524344144
1,RS_009_deltas,1,24H,Delta,O,-0.008231557
1,RS_009_deltas,1,24H,Delta,S,1.214171879
1,RS_009_deltas,1,24H,Delta,TC,0.71236171
1,RS_009_deltas,1,24H,Gamma,DTC,0.081414867
1,RS_009_deltas,1,24H,Gamma,O,0.16563999
1,RS_009_deltas,1,24H,Gamma,S,1.370859904
1,RS_009_deltas,1,24H,Gamma,TC,-0.272189686
1,RS_009_deltas,1,24H,Theta,DTC,1.113424346
1,RS_009_deltas,1,24H,Theta,O,0.098735864
1,RS_009_deltas,1,24H,Theta,S,1.738383783
1,RS_009_deltas,1,24H,Theta,TC,0.982878135
1,RS_009_deltas,1,24H,Wholeband,DTC,0.635175485
1,RS_009_deltas,1,24H,Wholeband,O,0.15491633
1,RS_009_deltas,1,24H,Wholeband,S,1.100296469
1,RS_009_deltas,1,24H,Wholeband,TC,0.678553739
2,RS_011_deltas,1,24H,Alpha,DTC,-0.2774019446153846
2,RS_011_deltas,1,24H,Alpha,O,0.03172302876923078
2,RS_011_deltas,1,24H,Alpha,S,-0.1124642402692308
2,RS_011_deltas,1,24H,Alpha,TC,-0.05060289107692309
2,RS_011_deltas,1,24H,Beta,DTC,-0.2212425766153846
2,RS_011_deltas,1,24H,Beta,O,-0.0052496723846153755
2,RS_011_deltas,1,24H,Beta,S,-0.13267642665384619
2,RS_011_deltas,1,24H,Beta,TC,-0.07085994488461539
2,RS_011_deltas,1,24H,Delta,DTC,-0.07057970765384615
2,RS_011_deltas,1,24H,Delta,O,-0.04526332242307693
2,RS_011_deltas,1,24H,Delta,S,-0.04759004319230769
2,RS_011_deltas,1,24H,Delta,TC,0.08552948188461543
2,RS_011_deltas,1,24H,Gamma,DTC,-0.3175801334615384
2,RS_011_deltas,1,24H,Gamma,O,-0.01777716180769231
2,RS_011_deltas,1,24H,Gamma,S,0.1247190796923077
2,RS_011_deltas,1,24H,Gamma,TC,-0.10428458853846154
2,RS_011_deltas,1,24H,Theta,DTC,-0.3223068706923077
2,RS_011_deltas,1,24H,Theta,O,0.056443742038461545
2,RS_011_deltas,1,24H,Theta,S,-0.20784032311538464
2,RS_011_deltas,1,24H,Theta,TC,-0.12047144807692309
2,RS_011_deltas,1,24H,Wholeband,DTC,-0.28353664146153845
2,RS_011_deltas,1,24H,Wholeband,O,0.014150051923076912
2,RS_011_deltas,1,24H,Wholeband,S,-0.11977887307692309
2,RS_011_deltas,1,24H,Wholeband,TC,-0.06309601138461539
3,RS_012_deltas,1,24H,Alpha,DTC,1.882345167
3,RS_012_deltas,1,24H,Alpha,O,0.072454094
3,RS_012_deltas,1,24H,Alpha,S,0.887164902
3,RS_012_deltas,1,24H,Alpha,TC,-0.083323588
3,RS_012_deltas,1,24H,Beta,DTC,2.580270261
3,RS_012_deltas,1,24H,Beta,O,0.537368821
3,RS_012_deltas,1,24H,Beta,S,1.765115649
3,RS_012_deltas,1,24H,Beta,TC,0.744118913
3,RS_012_deltas,1,24H,Delta,DTC,1.540098283
3,RS_012_deltas,1,24H,Delta,O,-0.036499697
3,RS_012_deltas,1,24H,Delta,S,4.062388738
3,RS_012_deltas,1,24H,Delta,TC,2.033177395
3,RS_012_deltas,1,24H,Gamma,DTC,1.315243463
3,RS_012_deltas,1,24H,Gamma,O,0.270033856
3,RS_012_deltas,1,24H,Gamma,S,1.756048293
3,RS_012_deltas,1,24H,Gamma,TC,0.712685067
3,RS_012_deltas,1,24H,Theta,DTC,2.326180085
3,RS_012_deltas,1,24H,Theta,O,0.605836731
3,RS_012_deltas,1,24H,Theta,S,2.967583852
3,RS_012_deltas,1,24H,Theta,TC,1.254220236
3,RS_012_deltas,1,24H,Wholeband,DTC,1.996827005
3,RS_012_deltas,1,24H,Wholeband,O,-0.044859404
3,RS_012_deltas,1,24H,Wholeband,S,2.102690157
3,RS_012_deltas,1,24H,Wholeband,TC,0.765305873
4,RS_018_deltas,1,24H,Alpha,DTC,0.713613098
4,RS_018_deltas,1,24H,Alpha,O,0.048767889
4,RS_018_deltas,1,24H,Alpha,S,-0.15263021
4,RS_018_deltas,1,24H,Alpha,TC,-0.072762604
4,RS_018_deltas,1,24H,Beta,DTC,0.722294013
4,RS_018_deltas,1,24H,Beta,O,-0.004248154
4,RS_018_deltas,1,24H,Beta,S,-0.277184549
4,RS_018_deltas,1,24H,Beta,TC,-0.137244484
4,RS_018_deltas,1,24H,Delta,DTC,0.263190698
4,RS_018_deltas,1,24H,Delta,O,-0.028182493
4,RS_018_deltas,1,24H,Delta,S,0.282224882
4,RS_018_deltas,1,24H,Delta,TC,0.078226448
4,RS_018_deltas,1,24H,Gamma,DTC,0.712525851
4,RS_018_deltas,1,24H,Gamma,O,-0.017082
4,RS_018_deltas,1,24H,Gamma,S,0.152031867
4,RS_018_deltas,1,24H,Gamma,TC,-0.01665176
4,RS_018_deltas,1,24H,Theta,DTC,0.697262937
4,RS_018_deltas,1,24H,Theta,O,0.017717688
4,RS_018_deltas,1,24H,Theta,S,2.106670603
4,RS_018_deltas,1,24H,Theta,TC,0.653187611
4,RS_018_deltas,1,24H,Wholeband,DTC,-0.04338467
4,RS_018_deltas,1,24H,Wholeband,O,0.039595431
4,RS_018_deltas,1,24H,Wholeband,S,-0.168806926
4,RS_018_deltas,1,24H,Wholeband,TC,-0.076025854
5,RS_020_deltas,1,24H,Alpha,DTC,0.451873665
5,RS_020_deltas,1,24H,Alpha,O,0.300539466
5,RS_020_deltas,1,24H,Alpha,S,0.350115583
5,RS_020_deltas,1,24H,Alpha,TC,0.16936323
5,RS_020_deltas,1,24H,Beta,DTC,-0.893278972
5,RS_020_deltas,1,24H,Beta,O,-0.033728105
5,RS_020_deltas,1,24H,Beta,S,0.065676735
5,RS_020_deltas,1,24H,Beta,TC,-0.015048697
5,RS_020_deltas,1,24H,Delta,DTC,0.060393354
5,RS_020_deltas,1,24H,Delta,O,0.089285901
5,RS_020_deltas,1,24H,Delta,S,0.345583407
5,RS_020_deltas,1,24H,Delta,TC,-0.244293943
5,RS_020_deltas,1,24H,Gamma,DTC,0.084973467
5,RS_020_deltas,1,24H,Gamma,O,-0.039378771
5,RS_020_deltas,1,24H,Gamma,S,0.601291465
5,RS_020_deltas,1,24H,Gamma,TC,0.03004631
5,RS_020_deltas,1,24H,Theta,DTC,-0.05163767
5,RS_020_deltas,1,24H,Theta,O,0.288011026
5,RS_020_deltas,1,24H,Theta,S,0.238628579
5,RS_020_deltas,1,24H,Theta,TC,0.170858595
5,RS_020_deltas,1,24H,Wholeband,DTC,0.968590502
5,RS_020_deltas,1,24H,Wholeband,O,0.09124552
5,RS_020_deltas,1,24H,Wholeband,S,0.160257994
5,RS_020_deltas,1,24H,Wholeband,TC,0.057695918
6,RS_021_deltas,1,24H,Alpha,DTC,2.12076686
6,RS_021_deltas,1,24H,Alpha,O,0.262682848
6,RS_021_deltas,1,24H,Alpha,S,0.514783569
6,RS_021_deltas,1,24H,Alpha,TC,0.254260449
6,RS_021_deltas,1,24H,Beta,DTC,0.367775472
6,RS_021_deltas,1,24H,Beta,O,-0.01499637
6,RS_021_deltas,1,24H,Beta,S,0.36781917
6,RS_021_deltas,1,24H,Beta,TC,0.188219493
6,RS_021_deltas,1,24H,Delta,DTC,1.931550829
6,RS_021_deltas,1,24H,Delta,O,0.064833793
6,RS_021_deltas,1,24H,Delta,S,3.392310995
6,RS_021_deltas,1,24H,Delta,TC,2.020259495
6,RS_021_deltas,1,24H,Gamma,DTC,-1.604722687
6,RS_021_deltas,1,24H,Gamma,O,-0.005651659
6,RS_021_deltas,1,24H,Gamma,S,1.140996237
6,RS_021_deltas,1,24H,Gamma,TC,0.163981686
6,RS_021_deltas,1,24H,Theta,DTC,1.525643748
6,RS_021_deltas,1,24H,Theta,O,-0.059724615
6,RS_021_deltas,1,24H,Theta,S,0.699504024
6,RS_021_deltas,1,24H,Theta,TC,0.197572738
6,RS_021_deltas,1,24H,Wholeband,DTC,0.074680772
6,RS_021_deltas,1,24H,Wholeband,O,0.123466752
6,RS_021_deltas,1,24H,Wholeband,S,0.09310688
6,RS_021_deltas,1,24H,Wholeband,TC,0.066916615
7,RS_030_deltas,1,24H,Alpha,DTC,-0.037473472
7,RS_030_deltas,1,24H,Alpha,O,0.190225864
7,RS_030_deltas,1,24H,Alpha,S,-0.279573698
7,RS_030_deltas,1,24H,Alpha,TC,-0.175197641
7,RS_030_deltas,1,24H,Beta,DTC,0.612615059
7,RS_030_deltas,1,24H,Beta,O,-0.334544728
7,RS_030_deltas,1,24H,Beta,S,-0.411111784
7,RS_030_deltas,1,24H,Beta,TC,-0.245671489
7,RS_030_deltas,1,24H,Delta,DTC,-0.418320483
7,RS_030_deltas,1,24H,Delta,O,-0.131057648
7,RS_030_deltas,1,24H,Delta,S,0.285350977
7,RS_030_deltas,1,24H,Delta,TC,0.227377792
7,RS_030_deltas,1,24H,Gamma,DTC,-0.897606778
7,RS_030_deltas,1,24H,Gamma,O,0.04191335
7,RS_030_deltas,1,24H,Gamma,S,-2.268751795
7,RS_030_deltas,1,24H,Gamma,TC,-0.264992213
7,RS_030_deltas,1,24H,Theta,DTC,0.154208579
7,RS_030_deltas,1,24H,Theta,O,-0.313430762
7,RS_030_deltas,1,24H,Theta,S,-1.172889085
7,RS_030_deltas,1,24H,Theta,TC,-0.497345243
7,RS_030_deltas,1,24H,Wholeband,DTC,-0.052348094
7,RS_030_deltas,1,24H,Wholeband,O,0.086121204
7,RS_030_deltas,1,24H,Wholeband,S,-0.362707517
7,RS_030_deltas,1,24H,Wholeband,TC,-0.206569416
8,RS_032_deltas,1,24H,Alpha,DTC,-2.126819512
8,RS_032_deltas,1,24H,Alpha,O,1.031178035
8,RS_032_deltas,1,24H,Alpha,S,-0.079435871
8,RS_032_deltas,1,24H,Alpha,TC,0.374882384
8,RS_032_deltas,1,24H,Beta,DTC,-0.931579733
8,RS_032_deltas,1,24H,Beta,O,0.615647549
8,RS_032_deltas,1,24H,Beta,S,-0.188688564
8,RS_032_deltas,1,24H,Beta,TC,-8.79023e-4
8,RS_032_deltas,1,24H,Delta,DTC,-0.060600204
8,RS_032_deltas,1,24H,Delta,O,-0.034175961
8,RS_032_deltas,1,24H,Delta,S,-0.3868685
8,RS_032_deltas,1,24H,Delta,TC,-0.133851742
8,RS_032_deltas,1,24H,Gamma,DTC,-1.42299817
8,RS_032_deltas,1,24H,Gamma,O,-0.112357423
8,RS_032_deltas,1,24H,Gamma,S,-0.730484838
8,RS_032_deltas,1,24H,Gamma,TC,0.06080431
8,RS_032_deltas,1,24H,Theta,DTC,-1.692447736
8,RS_032_deltas,1,24H,Theta,O,0.865016411
8,RS_032_deltas,1,24H,Theta,S,-1.38350836
8,RS_032_deltas,1,24H,Theta,TC,-0.61524996
8,RS_032_deltas,1,24H,Wholeband,DTC,-1.291306745
8,RS_032_deltas,1,24H,Wholeband,O,0.478369049
8,RS_032_deltas,1,24H,Wholeband,S,-0.338718815
8,RS_032_deltas,1,24H,Wholeband,TC,0.035370168
9,RS_033_deltas,1,24H,Alpha,DTC,0.978908575
9,RS_033_deltas,1,24H,Alpha,O,-0.039136845
9,RS_033_deltas,1,24H,Alpha,S,-0.272002889
9,RS_033_deltas,1,24H,Alpha,TC,-0.101226353
9,RS_033_deltas,1,24H,Beta,DTC,1.684895222
9,RS_033_deltas,1,24H,Beta,O,0.435954632
9,RS_033_deltas,1,24H,Beta,S,-0.194201193
9,RS_033_deltas,1,24H,Beta,TC,-0.043878074
9,RS_033_deltas,1,24H,Delta,DTC,1.351594427
9,RS_033_deltas,1,24H,Delta,O,0.202194788
9,RS_033_deltas,1,24H,Delta,S,2.01212239
9,RS_033_deltas,1,24H,Delta,TC,1.427962074
9,RS_033_deltas,1,24H,Gamma,DTC,0.965363718
9,RS_033_deltas,1,24H,Gamma,O,0.461871097
9,RS_033_deltas,1,24H,Gamma,S,2.82177107
9,RS_033_deltas,1,24H,Gamma,TC,0.012521082
9,RS_033_deltas,1,24H,Theta,DTC,0.573241252
9,RS_033_deltas,1,24H,Theta,O,0.531989055
9,RS_033_deltas,1,24H,Theta,S,-0.595747236
9,RS_033_deltas,1,24H,Theta,TC,-0.184569758
9,RS_033_deltas,1,24H,Wholeband,DTC,0.878983247
9,RS_033_deltas,1,24H,Wholeband,O,0.185799669
9,RS_033_deltas,1,24H,Wholeband,S,-0.112560396
9,RS_033_deltas,1,24H,Wholeband,TC,-0.008106314
10,RS_034_deltas,1,24H,Alpha,DTC,-0.155297502
10,RS_034_deltas,1,24H,Alpha,O,0.097846732
10,RS_034_deltas,1,24H,Alpha,S,0.525976457
10,RS_034_deltas,1,24H,Alpha,TC,0.337427852
10,RS_034_deltas,1,24H,Beta,DTC,-1.134054127
10,RS_034_deltas,1,24H,Beta,O,-0.003694761
10,RS_034_deltas,1,24H,Beta,S,0.300925272
10,RS_034_deltas,1,24H,Beta,TC,0.205787616
10,RS_034_deltas,1,24H,Delta,DTC,-0.394350399
10,RS_034_deltas,1,24H,Delta,O,-1.86821e-4
10,RS_034_deltas,1,24H,Delta,S,-1.095979699
10,RS_034_deltas,1,24H,Delta,TC,-0.260974719
10,RS_034_deltas,1,24H,Gamma,DTC,-0.433772666
10,RS_034_deltas,1,24H,Gamma,O,0.146721831
10,RS_034_deltas,1,24H,Gamma,S,-0.407652788
10,RS_034_deltas,1,24H,Gamma,TC,0.001293674
10,RS_034_deltas,1,24H,Theta,DTC,-0.109879213
10,RS_034_deltas,1,24H,Theta,O,0.131858339
10,RS_034_deltas,1,24H,Theta,S,-0.021447691
10,RS_034_deltas,1,24H,Theta,TC,0.15777505
10,RS_034_deltas,1,24H,Wholeband,DTC,-0.637222909
10,RS_034_deltas,1,24H,Wholeband,O,0.168366415
10,RS_034_deltas,1,24H,Wholeband,S,0.516655325
10,RS_034_deltas,1,24H,Wholeband,TC,0.333222673
11,RS_035_deltas,1,24H,Alpha,DTC,-0.435749906
11,RS_035_deltas,1,24H,Alpha,O,-0.10412849
11,RS_035_deltas,1,24H,Alpha,S,0.426128754
11,RS_035_deltas,1,24H,Alpha,TC,0.255953326
11,RS_035_deltas,1,24H,Beta,DTC,-0.317263088
11,RS_035_deltas,1,24H,Beta,O,-0.021188929
11,RS_035_deltas,1,24H,Beta,S,-0.020999161
11,RS_035_deltas,1,24H,Beta,TC,0.008381463
11,RS_035_deltas,1,24H,Delta,DTC,-0.22072067
11,RS_035_deltas,1,24H,Delta,O,0.030188925
11,RS_035_deltas,1,24H,Delta,S,-0.57232708
11,RS_035_deltas,1,24H,Delta,TC,-0.243508414
11,RS_035_deltas,1,24H,Gamma,DTC,0.268875175
11,RS_035_deltas,1,24H,Gamma,O,0.08603061
11,RS_035_deltas,1,24H,Gamma,S,0.070502552
11,RS_035_deltas,1,24H,Gamma,TC,-0.187222394
11,RS_035_deltas,1,24H,Theta,DTC,-0.385889323
11,RS_035_deltas,1,24H,Theta,O,0.227240115
11,RS_035_deltas,1,24H,Theta,S,0.106809254
11,RS_035_deltas,1,24H,Theta,TC,0.175289901
11,RS_035_deltas,1,24H,Wholeband,DTC,-0.233305736
11,RS_035_deltas,1,24H,Wholeband,O,-0.008827525
11,RS_035_deltas,1,24H,Wholeband,S,-0.03756699
11,RS_035_deltas,1,24H,Wholeband,TC,0.001707198
12,RS_037_deltas,1,24H,Alpha,DTC,-0.2774019446153846
12,RS_037_deltas,1,24H,Alpha,O,0.03172302876923078
12,RS_037_deltas,1,24H,Alpha,S,-0.1124642402692308
12,RS_037_deltas,1,24H,Alpha,TC,-0.05060289107692309
12,RS_037_deltas,1,24H,Beta,DTC,-0.2212425766153846
12,RS_037_deltas,1,24H,Beta,O,-0.0052496723846153755
12,RS_037_deltas,1,24H,Beta,S,-0.13267642665384619
12,RS_037_deltas,1,24H,Beta,TC,-0.07085994488461539
12,RS_037_deltas,1,24H,Delta,DTC,-0.07057970765384615
12,RS_037_deltas,1,24H,Delta,O,-0.04526332242307693
12,RS_037_deltas,1,24H,Delta,S,-0.04759004319230769
12,RS_037_deltas,1,24H,Delta,TC,0.08552948188461543
12,RS_037_deltas,1,24H,Gamma,DTC,-0.3175801334615384
12,RS_037_deltas,1,24H,Gamma,O,-0.01777716180769231
12,RS_037_deltas,1,24H,Gamma,S,0.1247190796923077
12,RS_037_deltas,1,24H,Gamma,TC,-0.10428458853846154
12,RS_037_deltas,1,24H,Theta,DTC,-0.3223068706923077
12,RS_037_deltas,1,24H,Theta,O,0.056443742038461545
12,RS_037_deltas,1,24H,Theta,S,-0.20784032311538464
12,RS_037_deltas,1,24H,Theta,TC,-0.12047144807692309
12,RS_037_deltas,1,24H,Wholeband,DTC,-0.28353664146153845
12,RS_037_deltas,1,24H,Wholeband,O,0.014150051923076912
12,RS_037_deltas,1,24H,Wholeband,S,-0.11977887307692309
12,RS_037_deltas,1,24H,Wholeband,TC,-0.06309601138461539
13,RS_039_deltas,1,24H,Alpha,DTC,-0.232419951
13,RS_039_deltas,1,24H,Alpha,O,0.193543278
13,RS_039_deltas,1,24H,Alpha,S,0.120890453
13,RS_039_deltas,1,24H,Alpha,TC,0.059822446
13,RS_039_deltas,1,24H,Beta,DTC,-0.40927818
13,RS_039_deltas,1,24H,Beta,O,0.056323375
13,RS_039_deltas,1,24H,Beta,S,0.229118367
13,RS_039_deltas,1,24H,Beta,TC,0.109888099
13,RS_039_deltas,1,24H,Delta,DTC,-0.171692959
13,RS_039_deltas,1,24H,Delta,O,-0.103183359
13,RS_039_deltas,1,24H,Delta,S,-0.368209353
13,RS_039_deltas,1,24H,Delta,TC,-0.062915166
13,RS_039_deltas,1,24H,Gamma,DTC,0.202140908
13,RS_039_deltas,1,24H,Gamma,O,-0.197211334
13,RS_039_deltas,1,24H,Gamma,S,0.282642576
13,RS_039_deltas,1,24H,Gamma,TC,0.019911895
13,RS_039_deltas,1,24H,Theta,DTC,-0.117864263
13,RS_039_deltas,1,24H,Theta,O,-0.088717406
13,RS_039_deltas,1,24H,Theta,S,0.095451151
13,RS_039_deltas,1,24H,Theta,TC,0.012104443
13,RS_039_deltas,1,24H,Wholeband,DTC,-0.357754871
13,RS_039_deltas,1,24H,Wholeband,O,0.113623613
13,RS_039_deltas,1,24H,Wholeband,S,0.086364949
13,RS_039_deltas,1,24H,Wholeband,TC,0.044885303
14,RS_040_deltas,1,24H,Alpha,DTC,-1.174539431
14,RS_040_deltas,1,24H,Alpha,O,0.264997669
14,RS_040_deltas,1,24H,Alpha,S,0.610953623
14,RS_040_deltas,1,24H,Alpha,TC,0.381140348
14,RS_040_deltas,1,24H,Beta,DTC,-1.014115788
14,RS_040_deltas,1,24H,Beta,O,-0.089525922
14,RS_040_deltas,1,24H,Beta,S,0.177824035
14,RS_040_deltas,1,24H,Beta,TC,0.099947207
14,RS_040_deltas,1,24H,Delta,DTC,-0.440148595
14,RS_040_deltas,1,24H,Delta,O,0.083913388
14,RS_040_deltas,1,24H,Delta,S,-1.442701669
14,RS_040_deltas,1,24H,Delta,TC,-0.514573781
14,RS_040_deltas,1,24H,Gamma,DTC,-0.712055959
14,RS_040_deltas,1,24H,Gamma,O,0.093331159
14,RS_040_deltas,1,24H,Gamma,S,-0.946594469
14,RS_040_deltas,1,24H,Gamma,TC,0.137591244
14,RS_040_deltas,1,24H,Theta,DTC,-0.913685417
14,RS_040_deltas,1,24H,Theta,O,0.341008344
14,RS_040_deltas,1,24H,Theta,S,0.50665609
14,RS_040_deltas,1,24H,Theta,TC,0.365067079
14,RS_040_deltas,1,24H,Wholeband,DTC,-0.663761393
14,RS_040_deltas,1,24H,Wholeband,O,0.220143037
14,RS_040_deltas,1,24H,Wholeband,S,0.422150773
14,RS_040_deltas,1,24H,Wholeband,TC,0.256416749
15,RS_043_deltas,1,24H,Alpha,DTC,0.085705941
15,RS_043_deltas,1,24H,Alpha,O,0.280627477
15,RS_043_deltas,1,24H,Alpha,S,-0.006282036
15,RS_043_deltas,1,24H,Alpha,TC,0.048996882
15,RS_043_deltas,1,24H,Beta,DTC,0.352021213
15,RS_043_deltas,1,24H,Beta,O,0.136852633
15,RS_043_deltas,1,24H,Beta,S,-0.123293214
15,RS_043_deltas,1,24H,Beta,TC,-0.022873318
15,RS_043_deltas,1,24H,Delta,DTC,0.152297409
15,RS_043_deltas,1,24H,Delta,O,0.002007888
15,RS_043_deltas,1,24H,Delta,S,0.372520868
15,RS_043_deltas,1,24H,Delta,TC,0.225804662
15,RS_043_deltas,1,24H,Gamma,DTC,0.998753672
15,RS_043_deltas,1,24H,Gamma,O,0.105409042
15,RS_043_deltas,1,24H,Gamma,S,2.470265369
15,RS_043_deltas,1,24H,Gamma,TC,0.022214729
15,RS_043_deltas,1,24H,Theta,DTC,2.62465e-4
15,RS_043_deltas,1,24H,Theta,O,0.033125817
15,RS_043_deltas,1,24H,Theta,S,-0.67588436
15,RS_043_deltas,1,24H,Theta,TC,-0.308366558
15,RS_043_deltas,1,24H,Wholeband,DTC,-0.080508327
15,RS_043_deltas,1,24H,Wholeband,O,0.103032589
15,RS_043_deltas,1,24H,Wholeband,S,0.003371496
15,RS_043_deltas,1,24H,Wholeband,TC,0.044788705
16,RS_044_deltas,1,24H,Alpha,DTC,-0.863816808
16,RS_044_deltas,1,24H,Alpha,O,0.021647611
16,RS_044_deltas,1,24H,Alpha,S,0.297748589
16,RS_044_deltas,1,24H,Alpha,TC,0.095528222
16,RS_044_deltas,1,24H,Beta,DTC,-1.207608123
16,RS_044_deltas,1,24H,Beta,O,0.274647332
16,RS_044_deltas,1,24H,Beta,S,0.558160344
16,RS_044_deltas,1,24H,Beta,TC,0.249455757
16,RS_044_deltas,1,24H,Delta,DTC,-0.54858241
16,RS_044_deltas,1,24H,Delta,O,-0.19341638
16,RS_044_deltas,1,24H,Delta,S,-1.281468382
16,RS_044_deltas,1,24H,Delta,TC,-0.127225403
16,RS_044_deltas,1,24H,Gamma,DTC,-0.008012473
16,RS_044_deltas,1,24H,Gamma,O,0.7922619
16,RS_044_deltas,1,24H,Gamma,S,1.901766202
16,RS_044_deltas,1,24H,Gamma,TC,0.07816612
16,RS_044_deltas,1,24H,Theta,DTC,-1.346211775
16,RS_044_deltas,1,24H,Theta,O,-0.121691771
16,RS_044_deltas,1,24H,Theta,S,-0.617658283
16,RS_044_deltas,1,24H,Theta,TC,-0.371197446
16,RS_044_deltas,1,24H,Wholeband,DTC,-0.593492629
16,RS_044_deltas,1,24H,Wholeband,O,0.01765017
16,RS_044_deltas,1,24H,Wholeband,S,0.081240532
16,RS_044_deltas,1,24H,Wholeband,TC,0.014343846
17,RS_046_deltas,1,24H,Alpha,DTC,-0.306969344
17,RS_046_deltas,1,24H,Alpha,O,-0.132011812
17,RS_046_deltas,1,24H,Alpha,S,-0.791545596
17,RS_046_deltas,1,24H,Alpha,TC,-0.450886028
17,RS_046_deltas,1,24H,Beta,DTC,1.222705038
17,RS_046_deltas,1,24H,Beta,O,-0.141929023
17,RS_046_deltas,1,24H,Beta,S,-0.564488363
17,RS_046_deltas,1,24H,Beta,TC,-0.317504482
17,RS_046_deltas,1,24H,Delta,DTC,0.444497537
17,RS_046_deltas,1,24H,Delta,O,-0.03130604
17,RS_046_deltas,1,24H,Delta,S,1.579790488
17,RS_046_deltas,1,24H,Delta,TC,0.594518721
17,RS_046_deltas,1,24H,Gamma,DTC,0.418543853
17,RS_046_deltas,1,24H,Gamma,O,-0.265871855
17,RS_046_deltas,1,24H,Gamma,S,0.100051498
17,RS_046_deltas,1,24H,Gamma,TC,-0.206045044
17,RS_046_deltas,1,24H,Theta,DTC,0.063688827
17,RS_046_deltas,1,24H,Theta,O,0.070250959
17,RS_046_deltas,1,24H,Theta,S,-0.472823823
17,RS_046_deltas,1,24H,Theta,TC,-0.269487917
17,RS_046_deltas,1,24H,Wholeband,DTC,0.253165161
17,RS_046_deltas,1,24H,Wholeband,O,-0.004991134
17,RS_046_deltas,1,24H,Wholeband,S,-0.529257623
17,RS_046_deltas,1,24H,Wholeband,TC,-0.294002757
18,RS_004_deltas,0,24H,Alpha,DTC,-0.783106914
18,RS_004_deltas,0,24H,Alpha,O,-0.02467763
18,RS_004_deltas,0,24H,Alpha,S,-1.440885193
18,RS_004_deltas,0,24H,Alpha,TC,-0.881981807
18,RS_004_deltas,0,24H,Beta,DTC,-1.136463132
18,RS_004_deltas,0,24H,Beta,O,0.134319117
18,RS_004_deltas,0,24H,Beta,S,-0.865072418
18,RS_004_deltas,0,24H,Beta,TC,-0.476142053
18,RS_004_deltas,0,24H,Delta,DTC,0.425851503
18,RS_004_deltas,0,24H,Delta,O,-0.027231274
18,RS_004_deltas,0,24H,Delta,S,0.573469143
18,RS_004_deltas,0,24H,Delta,TC,0.970538433
18,RS_004_deltas,0,24H,Gamma,DTC,-0.192853404
18,RS_004_deltas,0,24H,Gamma,O,-0.456832906
18,RS_004_deltas,0,24H,Gamma,S,-0.509254592
18,RS_004_deltas,0,24H,Gamma,TC,-0.533021256
18,RS_004_deltas,0,24H,Theta,DTC,-0.595954786
18,RS_004_deltas,0,24H,Theta,O,-0.293408964
18,RS_004_deltas,0,24H,Theta,S,-1.32907934
18,RS_004_deltas,0,24H,Theta,TC,-0.835672678
18,RS_004_deltas,0,24H,Wholeband,DTC,-0.736291544
18,RS_004_deltas,0,24H,Wholeband,O,-0.023512893
18,RS_004_deltas,0,24H,Wholeband,S,-1.306655121
18,RS_004_deltas,0,24H,Wholeband,TC,-0.763836982
19,RS_010_deltas,0,24H,Alpha,DTC,-1.82734854
19,RS_010_deltas,0,24H,Alpha,O,-0.163176385
19,RS_010_deltas,0,24H,Alpha,S,1.240621559
19,RS_010_deltas,0,24H,Alpha,TC,0.710061264
19,RS_010_deltas,0,24H,Beta,DTC,-2.341115204
19,RS_010_deltas,0,24H,Beta,O,0.076177873
19,RS_010_deltas,0,24H,Beta,S,0.753576419
19,RS_010_deltas,0,24H,Beta,TC,0.398049025
19,RS_010_deltas,0,24H,Delta,DTC,-1.775860114
19,RS_010_deltas,0,24H,Delta,O,0.085967598
19,RS_010_deltas,0,24H,Delta,S,-3.224724231
19,RS_010_deltas,0,24H,Delta,TC,-1.996602985
19,RS_010_deltas,0,24H,Gamma,DTC,-0.288116821
19,RS_010_deltas,0,24H,Gamma,O,-0.016693446
19,RS_010_deltas,0,24H,Gamma,S,0.76922229
19,RS_010_deltas,0,24H,Gamma,TC,0.130249834
19,RS_010_deltas,0,24H,Theta,DTC,-1.952352842
19,RS_010_deltas,0,24H,Theta,O,-0.28393345
19,RS_010_deltas,0,24H,Theta,S,0.656350919
19,RS_010_deltas,0,24H,Theta,TC,0.359911265
19,RS_010_deltas,0,24H,Wholeband,DTC,-1.830614572
19,RS_010_deltas,0,24H,Wholeband,O,-0.101146126
19,RS_010_deltas,0,24H,Wholeband,S,0.852939468
19,RS_010_deltas,0,24H,Wholeband,TC,0.438814669
20,RS_016_deltas,0,24H,Alpha,DTC,-0.2774019446153846
20,RS_016_deltas,0,24H,Alpha,O,0.03172302876923078
20,RS_016_deltas,0,24H,Alpha,S,-0.1124642402692308
20,RS_016_deltas,0,24H,Alpha,TC,-0.05060289107692309
20,RS_016_deltas,0,24H,Beta,DTC,-0.2212425766153846
20,RS_016_deltas,0,24H,Beta,O,-0.0052496723846153755
20,RS_016_deltas,0,24H,Beta,S,-0.13267642665384619
20,RS_016_deltas,0,24H,Beta,TC,-0.07085994488461539
20,RS_016_deltas,0,24H,Delta,DTC,-0.07057970765384615
20,RS_016_deltas,0,24H,Delta,O,-0.04526332242307693
20,RS_016_deltas,0,24H,Delta,S,-0.04759004319230769
20,RS_016_deltas,0,24H,Delta,TC,0.08552948188461543
20,RS_016_deltas,0,24H,Gamma,DTC,-0.3175801334615384
20,RS_016_deltas,0,24H,Gamma,O,-0.01777716180769231
20,RS_016_deltas,0,24H,Gamma,S,0.1247190796923077
20,RS_016_deltas,0,24H,Gamma,TC,-0.10428458853846154
20,RS_016_deltas,0,24H,Theta,DTC,-0.3223068706923077
20,RS_016_deltas,0,24H,Theta,O,0.056443742038461545
20,RS_016_deltas,0,24H,Theta,S,-0.20784032311538464
20,RS_016_deltas,0,24H,Theta,TC,-0.12047144807692309
20,RS_016_deltas,0,24H,Wholeband,DTC,-0.28353664146153845
20,RS_016_deltas,0,24H,Wholeband,O,0.014150051923076912
20,RS_016_deltas,0,24H,Wholeband,S,-0.11977887307692309
20,RS_016_deltas,0,24H,Wholeband,TC,-0.06309601138461539
21,RS_017_deltas,0,24H,Alpha,DTC,-2.178964845
21,RS_017_deltas,0,24H,Alpha,O,-0.48119394
21,RS_017_deltas,0,24H,Alpha,S,-2.80189111
21,RS_017_deltas,0,24H,Alpha,TC,-1.301930044
21,RS_017_deltas,0,24H,Beta,DTC,-1.294329762
21,RS_017_deltas,0,24H,Beta,O,-0.775122181
21,RS_017_deltas,0,24H,Beta,S,-2.673672678
21,RS_017_deltas,0,24H,Beta,TC,-1.335737201
21,RS_017_deltas,0,24H,Delta,DTC,-1.409541642
21,RS_017_deltas,0,24H,Delta,O,-0.195975158
21,RS_017_deltas,0,24H,Delta,S,-1.708150292
21,RS_017_deltas,0,24H,Delta,TC,-0.439787814
21,RS_017_deltas,0,24H,Gamma,DTC,-0.063510782
21,RS_017_deltas,0,24H,Gamma,O,-1.303929305
21,RS_017_deltas,0,24H,Gamma,S,0.027955881
21,RS_017_deltas,0,24H,Gamma,TC,-1.014402935
21,RS_017_deltas,0,24H,Theta,DTC,-3.140975288
21,RS_017_deltas,0,24H,Theta,O,0.278601798
21,RS_017_deltas,0,24H,Theta,S,-3.543712671
21,RS_017_deltas,0,24H,Theta,TC,-1.636770781
21,RS_017_deltas,0,24H,Wholeband,DTC,-0.772618147
21,RS_017_deltas,0,24H,Wholeband,O,-0.23332487
21,RS_017_deltas,0,24H,Wholeband,S,-2.857041187
21,RS_017_deltas,0,24H,Wholeband,TC,-1.409836469
22,RS_019_deltas,0,24H,Alpha,DTC,-2.602678759
22,RS_019_deltas,0,24H,Alpha,O,0.253866578
22,RS_019_deltas,0,24H,Alpha,S,-0.465719332
22,RS_019_deltas,0,24H,Alpha,TC,-0.393464326
22,RS_019_deltas,0,24H,Beta,DTC,-1.226470202
22,RS_019_deltas,0,24H,Beta,O,-0.75068173
22,RS_019_deltas,0,24H,Beta,S,-0.016121538
22,RS_019_deltas,0,24H,Beta,TC,-0.066047319
22,RS_019_deltas,0,24H,Delta,DTC,-1.338011798
22,RS_019_deltas,0,24H,Delta,O,-0.160149646
22,RS_019_deltas,0,24H,Delta,S,-3.177093395
22,RS_019_deltas,0,24H,Delta,TC,-1.402868573
22,RS_019_deltas,0,24H,Gamma,DTC,-1.676469853
22,RS_019_deltas,0,24H,Gamma,O,-0.079112938
22,RS_019_deltas,0,24H,Gamma,S,-2.202496411
22,RS_019_deltas,0,24H,Gamma,TC,-0.026590842
22,RS_019_deltas,0,24H,Theta,DTC,-2.46377932
22,RS_019_deltas,0,24H,Theta,O,0.023148218
22,RS_019_deltas,0,24H,Theta,S,-0.534930669
22,RS_019_deltas,0,24H,Theta,TC,-0.345536216
22,RS_019_deltas,0,24H,Wholeband,DTC,-1.157021995
22,RS_019_deltas,0,24H,Wholeband,O,-0.059660261
22,RS_019_deltas,0,24H,Wholeband,S,-0.188863341
22,RS_019_deltas,0,24H,Wholeband,TC,-0.191384682
23,RS_024_deltas,0,24H,Alpha,DTC,-0.2774019446153846
23,RS_024_deltas,0,24H,Alpha,O,0.03172302876923078
23,RS_024_deltas,0,24H,Alpha,S,-0.1124642402692308
23,RS_024_deltas,0,24H,Alpha,TC,-0.05060289107692309
23,RS_024_deltas,0,24H,Beta,DTC,-0.2212425766153846
23,RS_024_deltas,0,24H,Beta,O,-0.0052496723846153755
23,RS_024_deltas,0,24H,Beta,S,-0.13267642665384619
23,RS_024_deltas,0,24H,Beta,TC,-0.07085994488461539
23,RS_024_deltas,0,24H,Delta,DTC,-0.07057970765384615
23,RS_024_deltas,0,24H,Delta,O,-0.04526332242307693
23,RS_024_deltas,0,24H,Delta,S,-0.04759004319230769
23,RS_024_deltas,0,24H,Delta,TC,0.08552948188461543
23,RS_024_deltas,0,24H,Gamma,DTC,-0.3175801334615384
23,RS_024_deltas,0,24H,Gamma,O,-0.01777716180769231
23,RS_024_deltas,0,24H,Gamma,S,0.1247190796923077
23,RS_024_deltas,0,24H,Gamma,TC,-0.10428458853846154
23,RS_024_deltas,0,24H,Theta,DTC,-0.3223068706923077
23,RS_024_deltas,0,24H,Theta,O,0.056443742038461545
23,RS_024_deltas,0,24H,Theta,S,-0.20784032311538464
23,RS_024_deltas,0,24H,Theta,TC,-0.12047144807692309
23,RS_024_deltas,0,24H,Wholeband,DTC,-0.28353664146153845
23,RS_024_deltas,0,24H,Wholeband,O,0.014150051923076912
23,RS_024_deltas,0,24H,Wholeband,S,-0.11977887307692309
23,RS_024_deltas,0,24H,Wholeband,TC,-0.06309601138461539
24,RS_025_deltas,0,24H,Alpha,DTC,0.357218277
24,RS_025_deltas,0,24H,Alpha,O,-0.172030023
24,RS_025_deltas,0,24H,Alpha,S,0.443424985
24,RS_025_deltas,0,24H,Alpha,TC,0.144742015
24,RS_025_deltas,0,24H,Beta,DTC,1.325376842
24,RS_025_deltas,0,24H,Beta,O,-4.88683e-4
24,RS_025_deltas,0,24H,Beta,S,0.208824578
24,RS_025_deltas,0,24H,Beta,TC,-0.022879694
24,RS_025_deltas,0,24H,Delta,DTC,-0.760261824
24,RS_025_deltas,0,24H,Delta,O,0.002205537
24,RS_025_deltas,0,24H,Delta,S,-0.005878963
24,RS_025_deltas,0,24H,Delta,TC,0.462693693
24,RS_025_deltas,0,24H,Gamma,DTC,-0.022225195
24,RS_025_deltas,0,24H,Gamma,O,0.332327567
24,RS_025_deltas,0,24H,Gamma,S,0.631083481
24,RS_025_deltas,0,24H,Gamma,TC,-0.151384132
24,RS_025_deltas,0,24H,Theta,DTC,0.729863171
24,RS_025_deltas,0,24H,Theta,O,-0.194084332
24,RS_025_deltas,0,24H,Theta,S,1.475064011
24,RS_025_deltas,0,24H,Theta,TC,0.703287762
24,RS_025_deltas,0,24H,Wholeband,DTC,0.352700733
24,RS_025_deltas,0,24H,Wholeband,O,-0.141485144
24,RS_025_deltas,0,24H,Wholeband,S,0.090889027
24,RS_025_deltas,0,24H,Wholeband,TC,-0.051546633
25,RS_028_deltas,0,24H,Alpha,DTC,-2.295087272
25,RS_028_deltas,0,24H,Alpha,O,-0.890501751
25,RS_028_deltas,0,24H,Alpha,S,-2.166393756
25,RS_028_deltas,0,24H,Alpha,TC,-1.019611408
25,RS_028_deltas,0,24H,Beta,DTC,0.010212053
25,RS_028_deltas,0,24H,Beta,O,-0.117652237
25,RS_028_deltas,0,24H,Beta,S,-1.754725048
25,RS_028_deltas,0,24H,Beta,TC,-0.895480599
25,RS_028_deltas,0,24H,Delta,DTC,-0.525138597
25,RS_028_deltas,0,24H,Delta,O,-0.103115633
25,RS_028_deltas,0,24H,Delta,S,-0.304626165
25,RS_028_deltas,0,24H,Delta,TC,-0.162243909
25,RS_028_deltas,0,24H,Gamma,DTC,0.083740646
25,RS_028_deltas,0,24H,Gamma,O,-0.141939124
25,RS_028_deltas,0,24H,Gamma,S,-0.55008562
25,RS_028_deltas,0,24H,Gamma,TC,-0.924552179
25,RS_028_deltas,0,24H,Theta,DTC,-2.209008531
25,RS_028_deltas,0,24H,Theta,O,-0.54815311
25,RS_028_deltas,0,24H,Theta,S,-2.783814883
25,RS_028_deltas,0,24H,Theta,TC,-1.666257151
25,RS_028_deltas,0,24H,Wholeband,DTC,-0.296406199
25,RS_028_deltas,0,24H,Wholeband,O,-0.798880585
25,RS_028_deltas,0,24H,Wholeband,S,-1.853650611
25,RS_028_deltas,0,24H,Wholeband,TC,-0.931937061
26,RS_029_deltas,0,24H,Alpha,DTC,-0.061141086
26,RS_029_deltas,0,24H,Alpha,O,-0.182535408
26,RS_029_deltas,0,24H,Alpha,S,-1.563292533
26,RS_029_deltas,0,24H,Alpha,TC,-0.869129534
26,RS_029_deltas,0,24H,Beta,DTC,-0.800853743
26,RS_029_deltas,0,24H,Beta,O,-0.126120836
26,RS_029_deltas,0,24H,Beta,S,-1.162402359
26,RS_029_deltas,0,24H,Beta,TC,-0.557589461
26,RS_029_deltas,0,24H,Delta,DTC,-0.264227743
26,RS_029_deltas,0,24H,Delta,O,-0.33028283
26,RS_029_deltas,0,24H,Delta,S,-0.747027352
26,RS_029_deltas,0,24H,Delta,TC,-0.658707881
26,RS_029_deltas,0,24H,Gamma,DTC,-1.57113298
26,RS_029_deltas,0,24H,Gamma,O,0.175812749
26,RS_029_deltas,0,24H,Gamma,S,-1.873050989
26,RS_029_deltas,0,24H,Gamma,TC,-0.457264589
26,RS_029_deltas,0,24H,Theta,DTC,0.113635795
26,RS_029_deltas,0,24H,Theta,O,-0.098254951
26,RS_029_deltas,0,24H,Theta,S,-1.776167294
26,RS_029_deltas,0,24H,Theta,TC,-0.972934161
26,RS_029_deltas,0,24H,Wholeband,DTC,-0.571052867
26,RS_029_deltas,0,24H,Wholeband,O,0.03224693
26,RS_029_deltas,0,24H,Wholeband,S,-1.173224164
26,RS_029_deltas,0,24H,Wholeband,TC,-0.660947325
27,RS_036_deltas,0,24H,Alpha,DTC,0.146132023
27,RS_036_deltas,0,24H,Alpha,O,0.044632167
27,RS_036_deltas,0,24H,Alpha,S,-0.386200239
27,RS_036_deltas,0,24H,Alpha,TC,-0.219959408
27,RS_036_deltas,0,24H,Beta,DTC,-0.623628869
27,RS_036_deltas,0,24H,Beta,O,0.059004186
27,RS_036_deltas,0,24H,Beta,S,-0.335610372
27,RS_036_deltas,0,24H,Beta,TC,-0.198021115
27,RS_036_deltas,0,24H,Delta,DTC,0.399316961
27,RS_036_deltas,0,24H,Delta,O,-0.184863933
27,RS_036_deltas,0,24H,Delta,S,0.485858778
27,RS_036_deltas,0,24H,Delta,TC,0.579565593
27,RS_036_deltas,0,24H,Gamma,DTC,-1.232608229
27,RS_036_deltas,0,24H,Gamma,O,-0.136988872
27,RS_036_deltas,0,24H,Gamma,S,-0.373684341
27,RS_036_deltas,0,24H,Gamma,TC,-0.149141429
27,RS_036_deltas,0,24H,Theta,DTC,0.269600194
27,RS_036_deltas,0,24H,Theta,O,-0.155967057
27,RS_036_deltas,0,24H,Theta,S,-0.060640149
27,RS_036_deltas,0,24H,Theta,TC,-0.028344831
27,RS_036_deltas,0,24H,Wholeband,DTC,-1.262996546
27,RS_036_deltas,0,24H,Wholeband,O,0.02154951
27,RS_036_deltas,0,24H,Wholeband,S,-0.167953786
27,RS_036_deltas,0,24H,Wholeband,TC,-0.103344068
28,RS_041_deltas,0,24H,Alpha,DTC,0.153306691
28,RS_041_deltas,0,24H,Alpha,O,-0.2959779
28,RS_041_deltas,0,24H,Alpha,S,0.659632645
28,RS_041_deltas,0,24H,Alpha,TC,0.518942233
28,RS_041_deltas,0,24H,Beta,DTC,-0.299477167
28,RS_041_deltas,0,24H,Beta,O,-0.078525167
28,RS_041_deltas,0,24H,Beta,S,-0.061176363
28,RS_041_deltas,0,24H,Beta,TC,-0.005095472
28,RS_041_deltas,0,24H,Delta,DTC,-0.163634547
28,RS_041_deltas,0,24H,Delta,O,-0.079150986
28,RS_041_deltas,0,24H,Delta,S,-0.35358022
28,RS_041_deltas,0,24H,Delta,TC,-0.295749355
28,RS_041_deltas,0,24H,Gamma,DTC,0.20076765
28,RS_041_deltas,0,24H,Gamma,O,-0.238226538
28,RS_041_deltas,0,24H,Gamma,S,0.399308581
28,RS_041_deltas,0,24H,Gamma,TC,3.85165e-4
28,RS_041_deltas,0,24H,Theta,DTC,-0.460543136
28,RS_041_deltas,0,24H,Theta,O,0.005249736
28,RS_041_deltas,0,24H,Theta,S,-0.678112642
28,RS_041_deltas,0,24H,Theta,TC,-0.322696435
28,RS_041_deltas,0,24H,Wholeband,DTC,-0.127714917
28,RS_041_deltas,0,24H,Wholeband,O,-0.026784621
28,RS_041_deltas,0,24H,Wholeband,S,0.103813924
28,RS_041_deltas,0,24H,Wholeband,TC,0.088900283
29,RS_042_deltas,0,24H,Alpha,DTC,0.1420736
29,RS_042_deltas,0,24H,Alpha,O,-0.15542645
29,RS_042_deltas,0,24H,Alpha,S,-0.062236477
29,RS_042_deltas,0,24H,Alpha,TC,0.062218782
29,RS_042_deltas,0,24H,Beta,DTC,-1.611510916
29,RS_042_deltas,0,24H,Beta,O,-0.14587459
29,RS_042_deltas,0,24H,Beta,S,0.398968634
29,RS_042_deltas,0,24H,Beta,TC,0.275150564
29,RS_042_deltas,0,24H,Delta,DTC,-0.139952312
29,RS_042_deltas,0,24H,Delta,O,-0.125476317
29,RS_042_deltas,0,24H,Delta,S,-0.374915537
29,RS_042_deltas,0,24H,Delta,TC,-0.260366819
29,RS_042_deltas,0,24H,Gamma,DTC,-1.812378078
29,RS_042_deltas,0,24H,Gamma,O,0.07987756
29,RS_042_deltas,0,24H,Gamma,S,1.407806071
29,RS_042_deltas,0,24H,Gamma,TC,0.29684938
29,RS_042_deltas,0,24H,Theta,DTC,0.188015182
29,RS_042_deltas,0,24H,Theta,O,-0.139897285
29,RS_042_deltas,0,24H,Theta,S,0.169325948
29,RS_042_deltas,0,24H,Theta,TC,0.173064227
29,RS_042_deltas,0,24H,Wholeband,DTC,-1.093912253
29,RS_042_deltas,0,24H,Wholeband,O,-0.081779433
29,RS_042_deltas,0,24H,Wholeband,S,0.30268722
29,RS_042_deltas,0,24H,Wholeband,TC,0.235125493
